{
  "routes": [
    {
      "path": "/",
      "page": "index",
      "routeType": "page",
      "layout": "main"
    },
    {
      "path": "/cadastro",
      "page": "cadastro",
      "layout": "main",
      "data": {
        "icon": "/assets/img/favicon/favicon.jpeg",
        "title": "Cadastro"
      }
    },
    {
      "path": "/login",
      "page": "login",
      "layout": "main",
      "data": {
        "title": "Login",
        "icon": "/assets/img/favicon/favicon.jpeg"
      }
    },
    {
      "path": "/esqueceu_senha",
      "page": "esqueceu_senha",
      "layout": "main",
      "data": {
        "title": "Esqueceu a Senha",
        "icon": "/assets/img/favicon/favicon.jpeg"
      }
    },
    {
      "path": "/resetar_senha/:token",
      "page": "resetar_senha",
      "layout": "main",
      "data": {
        "title": "Resetar a Senha",
        "icon": "/assets/img/favicon/favicon.jpeg"
      }
    },
    {
      "path": "/logout",
      "exec": "/api/usuarios/logout"
    },
    {
      "path": "/analytics",
      "page": "analytics",
      "layout": "dashboard"
    },
    {
      "path": "/cliente",
      "page": "cliente",
      "layout": "dashboard"
    }
  ],
  "layouts": {
    "main": {
      "meta": [
        {
          "type": "text",
          "name": "title"
        },
        {
          "type": "text",
          "name": "icon"
        }
      ]
    }
  }
}