{
  "meta": {
    "$_POST": [
      {
        "type": "text",
        "name": "nome"
      },
      {
        "type": "text",
        "name": "senha"
      },
      {
        "type": "text",
        "name": "celular"
      },
      {
        "type": "file",
        "name": "foto",
        "sub": [
          {
            "type": "text",
            "name": "name"
          },
          {
            "type": "text",
            "name": "type"
          },
          {
            "type": "number",
            "name": "size"
          },
          {
            "type": "text",
            "name": "error"
          }
        ],
        "outputType": "file"
      }
    ]
  },
  "exec": {
    "steps": [
      {
        "name": "identity",
        "module": "auth",
        "action": "identify",
        "options": {
          "provider": "auth"
        },
        "meta": []
      },
      {
        "name": "upload",
        "module": "upload",
        "action": "upload",
        "options": {
          "fields": "{{$_POST.foto}}",
          "path": "/public/assets/uploads",
          "template": "{guid}{ext}"
        },
        "meta": [
          {
            "name": "name",
            "type": "text"
          },
          {
            "name": "path",
            "type": "text"
          },
          {
            "name": "url",
            "type": "text"
          },
          {
            "name": "type",
            "type": "text"
          },
          {
            "name": "size",
            "type": "text"
          },
          {
            "name": "error",
            "type": "number"
          }
        ],
        "outputType": "file"
      },
      {
        "name": "update",
        "module": "dbupdater",
        "action": "update",
        "options": {
          "connection": "db",
          "sql": {
            "type": "update",
            "values": [
              {
                "table": "usuarios",
                "column": "nome",
                "type": "text",
                "value": "{{$_POST.nome}}"
              },
              {
                "table": "usuarios",
                "column": "celular",
                "type": "text",
                "value": "{{$_POST.celular}}"
              },
              {
                "table": "usuarios",
                "column": "senha",
                "type": "text",
                "value": "{{$_POST.senha.sha1()}}",
                "condition": "{{$_POST.senha}}"
              },
              {
                "table": "usuarios",
                "column": "foto",
                "type": "text",
                "value": "{{upload.url}}",
                "condition": "{{$_POST.foto}}"
              }
            ],
            "table": "usuarios",
            "returning": "id",
            "query": "update \"usuarios\" set \"nome\" = ?, \"celular\" = ?, \"senha\" = ?, \"foto\" = ? where \"id\" = ? returning \"id\"",
            "params": [
              {
                "name": ":P1",
                "type": "expression",
                "value": "{{$_POST.nome}}",
                "test": ""
              },
              {
                "name": ":P2",
                "type": "expression",
                "value": "{{$_POST.celular}}",
                "test": ""
              },
              {
                "name": ":P3",
                "type": "expression",
                "value": "{{$_POST.senha.sha1()}}",
                "test": ""
              },
              {
                "name": ":P4",
                "type": "expression",
                "value": "{{upload.url}}",
                "test": ""
              },
              {
                "operator": "equal",
                "type": "expression",
                "name": ":P5",
                "value": "{{identity}}",
                "test": ""
              }
            ],
            "wheres": {
              "condition": "AND",
              "rules": [
                {
                  "id": "id",
                  "field": "id",
                  "type": "double",
                  "operator": "equal",
                  "value": "{{identity}}",
                  "data": {
                    "column": "id"
                  },
                  "operation": "="
                }
              ],
              "conditional": null,
              "valid": true
            }
          }
        },
        "meta": [
          {
            "name": "affected",
            "type": "number"
          }
        ]
      }
    ]
  }
}