{
  "meta": {
    "$_POST": [
      {
        "type": "text",
        "name": "nome"
      },
      {
        "type": "text",
        "name": "nome_empresa"
      },
      {
        "type": "text",
        "name": "funcao"
      },
      {
        "type": "text",
        "name": "email"
      },
      {
        "type": "text",
        "name": "senha"
      },
      {
        "type": "text",
        "name": "celular"
      }
    ]
  },
  "exec": {
    "steps": [
      {
        "name": "query_usuario_existe",
        "module": "dbconnector",
        "action": "single",
        "options": {
          "connection": "db",
          "sql": {
            "type": "select",
            "columns": [
              {
                "table": "usuarios",
                "column": "email"
              }
            ],
            "params": [
              {
                "operator": "equal",
                "type": "expression",
                "name": ":P1",
                "value": "{{$_POST.email}}",
                "test": ""
              }
            ],
            "table": {
              "name": "usuarios"
            },
            "primary": "id",
            "joins": [],
            "wheres": {
              "condition": "AND",
              "rules": [
                {
                  "id": "usuarios.email",
                  "field": "usuarios.email",
                  "type": "string",
                  "operator": "equal",
                  "value": "{{$_POST.email}}",
                  "data": {
                    "table": "usuarios",
                    "column": "email",
                    "type": "text",
                    "columnObj": {
                      "type": "string",
                      "maxLength": 255,
                      "primary": false,
                      "unique": false,
                      "nullable": true,
                      "name": "email"
                    }
                  },
                  "operation": "="
                }
              ],
              "conditional": null,
              "valid": true
            },
            "query": "select \"email\" from \"usuarios\" where \"usuarios\".\"email\" = ?"
          }
        },
        "meta": [
          {
            "type": "text",
            "name": "email"
          }
        ],
        "outputType": "object"
      },
      {
        "name": "",
        "module": "core",
        "action": "condition",
        "options": {
          "if": "{{query_usuario_existe}}",
          "then": {
            "steps": {
              "name": "",
              "module": "core",
              "action": "response",
              "options": {
                "status": 403,
                "data": "Já existe um usuário com esse e-mail!"
              }
            }
          },
          "else": {
            "steps": [
              {
                "name": "insert_empresa",
                "module": "dbupdater",
                "action": "insert",
                "options": {
                  "connection": "db",
                  "sql": {
                    "type": "insert",
                    "values": [
                      {
                        "table": "empresas",
                        "column": "nome",
                        "type": "text",
                        "value": "{{$_POST.nome_empresa}}"
                      }
                    ],
                    "table": "empresas",
                    "returning": "id",
                    "query": "insert into \"empresas\" (\"nome\") values (?)",
                    "params": [
                      {
                        "name": ":P1",
                        "type": "expression",
                        "value": "{{$_POST.nome_empresa}}",
                        "test": ""
                      }
                    ]
                  }
                },
                "meta": [
                  {
                    "name": "identity",
                    "type": "text"
                  },
                  {
                    "name": "affected",
                    "type": "number"
                  }
                ]
              },
              {
                "name": "insert_usuario",
                "module": "dbupdater",
                "action": "insert",
                "options": {
                  "connection": "db",
                  "sql": {
                    "type": "insert",
                    "values": [
                      {
                        "table": "usuarios",
                        "column": "nome",
                        "type": "text",
                        "value": "{{$_POST.nome}}"
                      },
                      {
                        "table": "usuarios",
                        "column": "funcao",
                        "type": "text",
                        "value": "{{$_POST.funcao}}"
                      },
                      {
                        "table": "usuarios",
                        "column": "email",
                        "type": "text",
                        "value": "{{$_POST.email.lowercase()}}"
                      },
                      {
                        "table": "usuarios",
                        "column": "celular",
                        "type": "text",
                        "value": "{{$_POST.celular}}"
                      },
                      {
                        "table": "usuarios",
                        "column": "senha",
                        "type": "text",
                        "value": "{{$_POST.senha.sha1()}}"
                      },
                      {
                        "table": "usuarios",
                        "column": "empresa",
                        "type": "number",
                        "value": "{{insert_empresa.identity}}"
                      },
                      {
                        "table": "usuarios",
                        "column": "token",
                        "type": "text",
                        "value": "{{UUID}}"
                      }
                    ],
                    "table": "usuarios",
                    "returning": "id",
                    "query": "insert into \"usuarios\" (\"celular\", \"email\", \"empresa\", \"funcao\", \"nome\", \"senha\", \"token\") values (?, ?, ?, ?, ?, ?, ?) returning \"id\"",
                    "params": [
                      {
                        "name": ":P1",
                        "type": "expression",
                        "value": "{{$_POST.nome}}",
                        "test": ""
                      },
                      {
                        "name": ":P2",
                        "type": "expression",
                        "value": "{{$_POST.funcao}}",
                        "test": ""
                      },
                      {
                        "name": ":P3",
                        "type": "expression",
                        "value": "{{$_POST.email.lowercase()}}",
                        "test": ""
                      },
                      {
                        "name": ":P4",
                        "type": "expression",
                        "value": "{{$_POST.celular}}",
                        "test": ""
                      },
                      {
                        "name": ":P5",
                        "type": "expression",
                        "value": "{{$_POST.senha.sha1()}}",
                        "test": ""
                      },
                      {
                        "name": ":P6",
                        "type": "expression",
                        "value": "{{insert_empresa.identity}}",
                        "test": ""
                      },
                      {
                        "name": ":P7",
                        "type": "expression",
                        "value": "{{UUID}}",
                        "test": ""
                      }
                    ]
                  }
                },
                "meta": [
                  {
                    "name": "identity",
                    "type": "text"
                  },
                  {
                    "name": "affected",
                    "type": "number"
                  }
                ]
              }
            ]
          }
        },
        "outputType": "boolean"
      }
    ]
  }
}