{
  "meta": {
    "$_POST": [
      {
        "type": "text",
        "name": "email"
      },
      {
        "type": "text",
        "name": "senha"
      },
      {
        "type": "text",
        "name": "lembre-me"
      }
    ]
  },
  "exec": {
    "steps": {
      "name": "identity",
      "module": "auth",
      "action": "login",
      "options": {
        "provider": "auth",
        "username": "{{$_POST.email.lowercase()}}",
        "password": "{{$_POST.senha.sha1()}}",
        "remember": "{{$_POST['lembre-me']}}"
      },
      "output": true,
      "meta": []
    }
  }
}