[
  {
    "name": "",
    "module": "auth",
    "action": "restrict",
    "options": {
      "provider": "auth"
    }
  },
  {
    "name": "identity",
    "module": "auth",
    "action": "identify",
    "options": {
      "provider": "auth"
    },
    "meta": []
  },
  {
    "name": "query_usuario",
    "module": "dbconnector",
    "action": "single",
    "options": {
      "connection": "db",
      "sql": {
        "type": "select",
        "columns": [
          {
            "table": "usuarios",
            "column": "nome"
          },
          {
            "table": "usuarios",
            "column": "funcao"
          },
          {
            "table": "usuarios",
            "column": "email"
          },
          {
            "table": "usuarios",
            "column": "celular"
          },
          {
            "table": "usuarios",
            "column": "empresa"
          },
          {
            "table": "usuarios",
            "column": "foto"
          }
        ],
        "params": [
          {
            "operator": "equal",
            "type": "expression",
            "name": ":P1",
            "value": "{{identity}}",
            "test": ""
          }
        ],
        "table": {
          "name": "usuarios"
        },
        "primary": "id",
        "joins": [],
        "wheres": {
          "condition": "AND",
          "rules": [
            {
              "id": "usuarios.id",
              "field": "usuarios.id",
              "type": "double",
              "operator": "equal",
              "value": "{{identity}}",
              "data": {
                "table": "usuarios",
                "column": "id",
                "type": "number",
                "columnObj": {
                  "type": "increments",
                  "default": "",
                  "primary": true,
                  "unique": true,
                  "nullable": false,
                  "name": "id"
                }
              },
              "operation": "=",
              "table": "usuarios"
            }
          ],
          "conditional": null,
          "valid": true
        },
        "query": "select \"nome\", \"funcao\", \"email\", \"celular\", \"empresa\", \"foto\" from \"usuarios\" where \"usuarios\".\"id\" = ?"
      }
    },
    "meta": [
      {
        "type": "text",
        "name": "nome"
      },
      {
        "type": "text",
        "name": "funcao"
      },
      {
        "type": "text",
        "name": "email"
      },
      {
        "type": "text",
        "name": "celular"
      },
      {
        "type": "number",
        "name": "empresa"
      },
      {
        "type": "text",
        "name": "foto"
      }
    ],
    "outputType": "object",
    "output": true
  }
]