{
  "direct": true,
  "type": "postgres",
  "connection": {
    "host": "127.0.0.1",
    "port": 9906,
    "user": "db_user",
    "password": "tvFcBJaZ",
    "database": "mini_erp"
  },
  "schema": {
    "schemas": [
      "public"
    ],
    "tables": {
      "clientes": {
        "columns": {
          "id": {
            "db": {
              "type": "increments",
              "default": "",
              "primary": true,
              "unique": true,
              "nullable": false
            }
          },
          "nome": {
            "db": {
              "type": "string",
              "maxLength": 255,
              "primary": false,
              "unique": false,
              "nullable": true
            }
          },
          "email": {
            "db": {
              "type": "string",
              "maxLength": 255,
              "primary": false,
              "unique": false,
              "nullable": true
            }
          },
          "whatsapp": {
            "db": {
              "type": "string",
              "maxLength": 255,
              "primary": false,
              "unique": false,
              "nullable": true
            }
          },
          "empresa": {
            "db": {
              "type": "reference",
              "primary": false,
              "unique": false,
              "nullable": true,
              "references": "id",
              "inTable": "empresas",
              "referenceType": "integer",
              "onUpdate": "SET NULL",
              "onDelete": "SET NULL"
            }
          }
        },
        "db": {},
        "refs": {
          "financeiro": "cliente"
        }
      },
      "financeiro": {
        "columns": {
          "id": {
            "db": {
              "type": "increments",
              "default": "",
              "primary": true,
              "unique": true,
              "nullable": false
            }
          },
          "data_criacao": {
            "db": {
              "type": "date",
              "primary": false,
              "unique": false,
              "nullable": true
            }
          },
          "cliente": {
            "db": {
              "type": "reference",
              "primary": false,
              "unique": false,
              "nullable": true,
              "references": "id",
              "inTable": "clientes",
              "referenceType": "integer",
              "onUpdate": "SET NULL",
              "onDelete": "SET NULL"
            }
          },
          "fornecedor": {
            "db": {
              "type": "reference",
              "primary": false,
              "unique": false,
              "nullable": true,
              "references": "id",
              "inTable": "fornecedores",
              "referenceType": "integer",
              "onUpdate": "SET NULL",
              "onDelete": "SET NULL"
            }
          },
          "data_vencimento": {
            "db": {
              "type": "date",
              "primary": false,
              "unique": false,
              "nullable": true
            }
          },
          "valor": {
            "db": {
              "type": "integer",
              "primary": false,
              "unique": false,
              "nullable": true
            }
          },
          "tipo": {
            "db": {
              "type": "string",
              "maxLength": 255,
              "primary": false,
              "unique": false,
              "nullable": true
            }
          }
        },
        "db": {
          "schema": "public"
        }
      },
      "fornecedores": {
        "columns": {
          "id": {
            "db": {
              "type": "increments",
              "default": "",
              "primary": true,
              "unique": true,
              "nullable": false
            }
          },
          "nome": {
            "db": {
              "type": "string",
              "maxLength": 255,
              "primary": false,
              "unique": false,
              "nullable": true
            }
          },
          "email": {
            "db": {
              "type": "string",
              "maxLength": 255,
              "primary": false,
              "unique": false,
              "nullable": true
            }
          },
          "whatsapp": {
            "db": {
              "type": "string",
              "maxLength": 255,
              "primary": false,
              "unique": false,
              "nullable": true
            }
          },
          "empresa": {
            "db": {
              "type": "reference",
              "primary": false,
              "unique": false,
              "nullable": true,
              "references": "id",
              "inTable": "empresas",
              "referenceType": "integer",
              "onUpdate": "SET NULL",
              "onDelete": "SET NULL"
            }
          }
        },
        "db": {},
        "refs": {
          "financeiro": "fornecedor"
        }
      },
      "usuarios": {
        "columns": {
          "id": {
            "db": {
              "type": "increments",
              "default": "",
              "primary": true,
              "unique": true,
              "nullable": false
            }
          },
          "nome": {
            "db": {
              "type": "string",
              "maxLength": 255,
              "primary": false,
              "unique": false,
              "nullable": true
            }
          },
          "funcao": {
            "db": {
              "type": "string",
              "maxLength": 255,
              "primary": false,
              "unique": false,
              "nullable": true
            }
          },
          "email": {
            "db": {
              "type": "string",
              "maxLength": 255,
              "primary": false,
              "unique": false,
              "nullable": true
            }
          },
          "celular": {
            "db": {
              "type": "string",
              "maxLength": 255,
              "primary": false,
              "unique": false,
              "nullable": true
            }
          },
          "senha": {
            "db": {
              "type": "string",
              "maxLength": 255,
              "primary": false,
              "unique": false,
              "nullable": true
            }
          },
          "empresa": {
            "db": {
              "type": "reference",
              "primary": false,
              "unique": false,
              "nullable": true,
              "references": "id",
              "inTable": "empresas",
              "referenceType": "integer",
              "onUpdate": "SET NULL",
              "onDelete": "SET NULL"
            }
          },
          "token": {
            "db": {
              "type": "string",
              "maxLength": 255,
              "primary": false,
              "unique": false,
              "nullable": true
            }
          },
          "foto": {
            "db": {
              "type": "string",
              "maxLength": 255,
              "primary": false,
              "unique": false,
              "nullable": true
            }
          }
        },
        "db": {
          "schema": "public"
        }
      },
      "empresas": {
        "columns": {
          "id": {
            "db": {
              "type": "increments",
              "default": "",
              "primary": true,
              "unique": true,
              "nullable": false
            }
          },
          "nome": {
            "db": {
              "type": "string",
              "maxLength": 255,
              "primary": false,
              "unique": false,
              "nullable": true
            }
          }
        },
        "db": {
          "schema": "public"
        },
        "refs": {
          "clientes": "empresa",
          "fornecedores": "empresa",
          "usuarios": "empresa"
        }
      }
    },
    "views": {}
  }
}
