{
  "meta": {
    "$_GET": [
      {
        "type": "text",
        "name": "id"
      }
    ]
  },
  "exec": {
    "steps": {
      "name": "delete_cliente",
      "module": "dbupdater",
      "action": "delete",
      "options": {
        "connection": "db",
        "sql": {
          "type": "delete",
          "table": "clientes",
          "wheres": {
            "condition": "AND",
            "rules": [
              {
                "id": "id",
                "field": "id",
                "type": "double",
                "operator": "equal",
                "value": "{{$_GET.id}}",
                "data": {
                  "column": "id"
                },
                "operation": "="
              }
            ],
            "conditional": null,
            "valid": true
          },
          "returning": "id",
          "query": "delete from \"clientes\" where \"id\" = ?",
          "params": [
            {
              "operator": "equal",
              "type": "expression",
              "name": ":P1",
              "value": "{{$_GET.id}}",
              "test": ""
            }
          ]
        }
      },
      "meta": [
        {
          "name": "affected",
          "type": "number"
        }
      ]
    }
  }
}