{
  "meta": {
    "$_POST": [
      {
        "type": "text",
        "name": "nome"
      },
      {
        "type": "text",
        "name": "email"
      },
      {
        "type": "text",
        "name": "whatsapp"
      }
    ]
  },
  "exec": {
    "steps": [
      {
        "name": "identity",
        "module": "auth",
        "action": "identify",
        "options": {
          "provider": "auth"
        },
        "meta": []
      },
      {
        "name": "query_empresa",
        "module": "dbconnector",
        "action": "single",
        "options": {
          "connection": "db",
          "sql": {
            "type": "select",
            "columns": [
              {
                "table": "usuarios",
                "column": "empresa"
              }
            ],
            "params": [
              {
                "operator": "equal",
                "type": "expression",
                "name": ":P1",
                "value": "{{identity}}",
                "test": ""
              }
            ],
            "table": {
              "name": "usuarios"
            },
            "primary": "id",
            "joins": [],
            "wheres": {
              "condition": "AND",
              "rules": [
                {
                  "id": "usuarios.id",
                  "field": "usuarios.id",
                  "type": "double",
                  "operator": "equal",
                  "value": "{{identity}}",
                  "data": {
                    "table": "usuarios",
                    "column": "id",
                    "type": "number",
                    "columnObj": {
                      "type": "increments",
                      "default": "",
                      "primary": true,
                      "unique": true,
                      "nullable": false,
                      "name": "id"
                    }
                  },
                  "operation": "=",
                  "table": "usuarios"
                }
              ],
              "conditional": null,
              "valid": true
            },
            "query": "select \"empresa\" from \"usuarios\" where \"usuarios\".\"id\" = ?"
          }
        },
        "meta": [
          {
            "type": "number",
            "name": "empresa"
          }
        ],
        "outputType": "object"
      },
      {
        "name": "insert",
        "module": "dbupdater",
        "action": "insert",
        "options": {
          "connection": "db",
          "sql": {
            "type": "insert",
            "values": [
              {
                "table": "clientes",
                "column": "nome",
                "type": "text",
                "value": "{{$_POST.nome}}"
              },
              {
                "table": "clientes",
                "column": "email",
                "type": "text",
                "value": "{{$_POST.email.lowercase()}}"
              },
              {
                "table": "clientes",
                "column": "whatsapp",
                "type": "text",
                "value": "{{$_POST.whatsapp}}"
              },
              {
                "table": "clientes",
                "column": "empresa",
                "type": "number",
                "value": "{{query_empresa.empresa}}"
              }
            ],
            "table": "clientes",
            "returning": "id",
            "query": "insert into \"clientes\" (\"email\", \"empresa\", \"nome\", \"whatsapp\") values (?, ?, ?, ?) returning \"id\"",
            "params": [
              {
                "name": ":P1",
                "type": "expression",
                "value": "{{$_POST.nome}}",
                "test": ""
              },
              {
                "name": ":P2",
                "type": "expression",
                "value": "{{$_POST.email.lowercase()}}",
                "test": ""
              },
              {
                "name": ":P3",
                "type": "expression",
                "value": "{{$_POST.whatsapp}}",
                "test": ""
              },
              {
                "name": ":P4",
                "type": "expression",
                "value": "{{query_empresa.empresa}}",
                "test": ""
              }
            ]
          }
        },
        "meta": [
          {
            "name": "identity",
            "type": "text"
          },
          {
            "name": "affected",
            "type": "number"
          }
        ]
      }
    ]
  }
}